{"stats":{"minecraft:mined":{"minecraft:white_bed":2,"gravestone:gravestone":3,"minecraft:grass_block":26,"minecraft:spruce_leaves":18,"minecraft:spawner":1,"minecraft:large_fern":1,"minecraft:smooth_stone":1,"minecraft:furnace":1,"minecraft:iron_ore":4,"minecraft:fire":8,"projectvibrantjourneys:bark_mushroom":1,"minecraft:moss_carpet":1,"minecraft:deepslate_lapis_ore":1,"minecraft:gold_block":2,"minecraft:polished_deepslate":2,"minecraft:iron_bars":1,"minecraft:stripped_oak_log":4,"ecologics:walnut_log":9,"minecraft:stone":97,"minecraft:crafting_table":4,"projectvibrantjourneys:twigs":2,"ecologics:walnut_leaves":2,"projectvibrantjourneys:mossy_rocks":1,"projectvibrantjourneys:natural_cobweb":6,"minecraft:cobblestone":18,"minecraft:tall_grass":1,"minecraft:lapis_ore":4,"minecraft:diorite":2,"projectvibrantjourneys:bones":1,"minecraft:spruce_log":7,"minecraft:yellow_bed":2,"minecraft:grass":26,"minecraft:coal_ore":22,"minecraft:oak_log":15,"projectvibrantjourneys:short_grass":6,"minecraft:dirt":36,"minecraft:cracked_stone_bricks":7,"minecraft:polished_andesite":2,"minecraft:stone_bricks":2,"minecraft:netherrack":1,"minecraft:deepslate":3,"minecraft:oak_leaves":13,"minecraft:iron_trapdoor":2},"minecraft:killed_by":{"minecraft:player":1,"minecraft:creeper":1,"hordes:zombie_player":3,"minecraft:zombie":5,"mythicmounts:dragon":1},"minecraft:used":{"minecraft:moss_carpet":1,"minecraft:stone_sword":62,"minecraft:polished_deepslate":1,"minecraft:chest":2,"minecraft:spruce_planks":20,"minecraft:iron_sword":79,"minecraft:torch":7,"minecraft:dirt":28,"minecraft:mutton":2,"projectvibrantjourneys:bark_mushroom":1,"minecraft:golden_chestplate":2,"minecraft:wooden_axe":6,"minecraft:iron_axe":19,"minecraft:iron_boots":1,"ecologics:walnut_planks":2,"minecraft:furnace":1,"minecraft:oak_sapling":15,"ecologics:walnut":6,"minecraft:egg":1,"minecraft:cooked_beef":1,"minecraft:cobbled_deepslate":2,"minecraft:golden_boots":2,"minecraft:cooked_mutton":4,"minecraft:oak_planks":28,"minecraft:stone_pickaxe":85,"farmersdelight:golden_knife":10,"minecraft:wooden_pickaxe":31,"ecologics:walnut_sapling":5,"minecraft:cracked_stone_bricks":2,"minecraft:white_wool":4,"minecraft:sand":1,"minecraft:crafting_table":7,"minecraft:white_bed":4,"minecraft:bread":21,"minecraft:iron_pickaxe":63,"minecraft:stone_axe":10,"minecraft:wooden_sword":44,"minecraft:cobblestone":61,"minecraft:cooked_porkchop":4,"alexsmobs:animal_dictionary":2,"minecraft:smooth_stone":3},"minecraft:dropped":{"minecraft:iron_ingot":2,"minecraft:bread":19,"minecraft:iron_sword":1,"minecraft:porkchop":4,"minecraft:wheat_seeds":4,"minecraft:lapis_lazuli":17,"minecraft:cooked_beef":3,"minecraft:oak_log":34,"pointblank:gunmetal_ingot":2,"minecraft:cooked_porkchop":7,"minecraft:feather":3,"minecraft:cobblestone":60,"minecraft:leather":2,"minecraft:coal":14,"minecraft:stick":25,"minecraft:dirt":11,"farmersdelight:golden_knife":2,"minecraft:torch":13,"minecraft:mutton":24,"projectvibrantjourneys:fallen_leaves":1,"minecraft:wooden_axe":1,"minecraft:diamond_helmet":1,"farmersdelight:onion":2,"gravestone:obituary":7,"minecraft:wooden_sword":1,"minecraft:iron_axe":1,"minecraft:iron_pickaxe":3,"projectvibrantjourneys:bark_mushroom":2,"minecraft:gold_ingot":8,"minecraft:stone_axe":1,"minecraft:iron_nugget":5,"minecraft:cobbled_deepslate":1,"minecraft:golden_chestplate":1,"minecraft:stone_sword":1,"alexsmobs:animal_dictionary":1,"minecraft:obsidian":1,"minecraft:chicken":2,"minecraft:rotten_flesh":1,"minecraft:oak_planks":7,"minecraft:cooked_mutton":2,"projectvibrantjourneys:light_brown_bark_mushroom":1,"minecraft:potato":6,"minecraft:shield":1,"minecraft:leather_boots":1,"minecraft:wooden_pickaxe":2,"minecraft:stone_pickaxe":1,"minecraft:beef":12,"minecraft:egg":1},"minecraft:custom":{"minecraft:mob_kills":42,"minecraft:interact_with_crafting_table":18,"minecraft:damage_dealt_resisted":149,"minecraft:leave_game":2,"minecraft:time_since_death":35145,"minecraft:climb_one_cm":10079,"minecraft:sprint_one_cm":305772,"minecraft:walk_one_cm":211118,"minecraft:drop":113,"minecraft:talked_to_villager":4,"minecraft:play_time":127056,"minecraft:deaths":14,"minecraft:sneak_time":9117,"minecraft:walk_under_water_one_cm":11375,"minecraft:jump":1181,"minecraft:walk_on_water_one_cm":20409,"minecraft:total_world_time":127056,"minecraft:interact_with_furnace":11,"minecraft:traded_with_villager":2,"minecraft:sleep_in_bed":4,"minecraft:time_since_rest":7738,"minecraft:damage_taken":5212,"minecraft:damage_dealt":6283,"minecraft:swim_one_cm":23470,"minecraft:player_kills":1,"minecraft:fly_one_cm":246012,"minecraft:open_chest":16,"minecraft:crouch_one_cm":8250,"minecraft:fall_one_cm":42277},"minecraft:killed":{"hordes:zombie_player":7,"minecraft:spider":1,"enemyexpansion:direwolf":1,"minecraft:phantom":2,"minecraft:chicken":3,"minecraft:pig":3,"minecraft:sheep":12,"alexsmobs:catfish":2,"minecraft:zombie":7,"minecraft:cow":4},"minecraft:crafted":{"minecraft:oak_planks":80,"ecologics:walnut_planks":36,"minecraft:cooked_mutton":1,"minecraft:iron_boots":1,"minecraft:iron_axe":1,"minecraft:stone_pickaxe":2,"minecraft:chest":2,"pointblank:ammo45acp":20,"minecraft:cooked_porkchop":9,"minecraft:crafting_table":3,"pointblank:gunmetal_ingot":2,"minecraft:spruce_planks":20,"minecraft:wooden_pickaxe":2,"minecraft:iron_sword":1,"minecraft:birch_planks":20,"minecraft:stone_axe":1,"minecraft:stick":80,"minecraft:iron_pickaxe":1,"minecraft:wooden_axe":1,"minecraft:stone_sword":2,"minecraft:white_bed":2,"minecraft:torch":8},"minecraft:picked_up":{"minecraft:crafting_table":4,"minecraft:chicken":3,"minecraft:pink_wool":1,"minecraft:gold_block":1,"gravestone:obituary":5,"minecraft:shield":4,"minecraft:polished_deepslate":4,"minecraft:string":18,"minecraft:moss_carpet":1,"minecraft:iron_axe":3,"minecraft:wooden_sword":2,"minecraft:flint_and_steel":1,"ecologics:walnut_sapling":5,"minecraft:cracked_stone_bricks":21,"minecraft:cobbled_deepslate":5,"minecraft:beef":12,"minecraft:iron_nugget":15,"minecraft:iron_pickaxe":5,"farmersdelight:golden_knife":4,"minecraft:diamond_hoe":2,"minecraft:furnace":1,"minecraft:egg":2,"minecraft:stick":74,"minecraft:raw_iron":4,"ecologics:walnut_log":9,"minecraft:copper_ingot":4,"projectvibrantjourneys:bark_mushroom":5,"minecraft:torch":48,"minecraft:porkchop":9,"pointblank:gunmetal_nugget":41,"minecraft:diorite":6,"minecraft:golden_chestplate":4,"minecraft:rotten_flesh":7,"farmersdelight:onion":2,"minecraft:gold_ingot":32,"minecraft:mutton":33,"minecraft:obsidian":1,"minecraft:iron_bars":2,"minecraft:white_wool":14,"minecraft:cobblestone":230,"minecraft:birch_log":5,"minecraft:stripped_oak_log":4,"ecologics:walnut":10,"minecraft:feather":4,"minecraft:cooked_beef":4,"minecraft:salmon":2,"projectvibrantjourneys:fallen_leaves":2,"minecraft:leather":2,"minecraft:potato":22,"minecraft:oak_log":144,"minecraft:yellow_bed":2,"minecraft:golden_boots":2,"minecraft:lapis_lazuli":99,"minecraft:dirt":61,"minecraft:cooked_mutton":5,"minecraft:bone":2,"minecraft:stone_bricks":6,"minecraft:wheat_seeds":6,"minecraft:iron_ingot":18,"minecraft:diamond_helmet":1,"minecraft:iron_sword":3,"projectvibrantjourneys:light_brown_bark_mushroom":1,"minecraft:cooked_porkchop":17,"minecraft:sweet_berries":2,"minecraft:sand":1,"minecraft:white_bed":2,"minecraft:spruce_log":5,"minecraft:polished_andesite":5,"alexsmobs:raw_catfish":4,"minecraft:stone_axe":1,"minecraft:gray_wool":2,"minecraft:bread":72,"minecraft:oak_sapling":15,"minecraft:coal":73}},"DataVersion":3465}