{"stats":{"minecraft:used":{"minecraft:stone_sword":15,"minecraft:stone_pickaxe":75,"minecraft:bread":2,"minecraft:wooden_pickaxe":25,"minecraft:torch":2,"minecraft:stone_axe":8,"minecraft:wooden_sword":13,"minecraft:dirt":4,"minecraft:cobblestone":31,"minecraft:crafting_table":3,"minecraft:furnace":1,"minecraft:oak_sapling":7,"minecraft:white_bed":3,"alexsmobs:animal_dictionary":2},"minecraft:custom":{"minecraft:time_since_rest":10327,"minecraft:interact_with_furnace":3,"minecraft:sprint_one_cm":51204,"minecraft:damage_taken":10,"minecraft:walk_one_cm":47985,"minecraft:mob_kills":13,"minecraft:drop":30,"minecraft:damage_dealt":1060,"minecraft:interact_with_crafting_table":5,"minecraft:fly_one_cm":48875,"minecraft:crouch_one_cm":1488,"minecraft:play_time":24112,"minecraft:sneak_time":1082,"minecraft:jump":246,"minecraft:leave_game":1,"minecraft:time_since_death":24112,"minecraft:sleep_in_bed":2,"minecraft:total_world_time":24112,"minecraft:fall_one_cm":5200},"minecraft:picked_up":{"minecraft:raw_iron":4,"minecraft:stick":2,"minecraft:crafting_table":2,"minecraft:cooked_beef":4,"minecraft:feather":3,"minecraft:chicken":2,"minecraft:cooked_porkchop":4,"minecraft:leather":2,"minecraft:porkchop":2,"minecraft:oak_log":11,"minecraft:white_bed":1,"minecraft:dirt":14,"minecraft:wheat_seeds":1,"minecraft:beef":12,"minecraft:bread":2,"minecraft:oak_sapling":7,"minecraft:mutton":24,"minecraft:coal":13,"minecraft:furnace":1,"minecraft:white_wool":6,"minecraft:cobblestone":81,"minecraft:egg":1},"minecraft:killed":{"minecraft:sheep":6,"minecraft:pig":1,"minecraft:chicken":2,"minecraft:cow":4},"minecraft:dropped":{"minecraft:bread":2,"minecraft:porkchop":2,"minecraft:oak_log":2,"minecraft:mutton":24,"minecraft:chicken":2,"minecraft:wooden_sword":1,"minecraft:beef":6,"minecraft:wooden_pickaxe":1},"minecraft:mined":{"minecraft:white_bed":1,"minecraft:furnace":1,"minecraft:iron_ore":4,"minecraft:crafting_table":2,"minecraft:grass":17,"minecraft:coal_ore":16,"minecraft:grass_block":9,"minecraft:oak_log":10,"minecraft:dirt":5,"minecraft:tall_grass":1,"minecraft:cobblestone":1,"minecraft:stone":77,"minecraft:oak_leaves":13},"minecraft:crafted":{"minecraft:oak_planks":36,"minecraft:crafting_table":1,"minecraft:stick":32,"minecraft:wooden_pickaxe":1,"minecraft:stone_pickaxe":1,"minecraft:stone_sword":1,"minecraft:white_bed":2,"minecraft:torch":8,"minecraft:stone_axe":1}},"DataVersion":3465}