{"stats":{"minecraft:mined":{"minecraft:tuff":1,"minecraft:white_bed":1,"gravestone:gravestone":11,"minecraft:grass_block":4,"minecraft:spruce_leaves":3,"minecraft:spawner":1,"minecraft:hay_block":17,"minecraft:smooth_stone":4,"minecraft:carrots":1,"minecraft:furnace":2,"minecraft:iron_ore":8,"minecraft:fire":3,"minecraft:stone":58,"projectvibrantjourneys:cattail":1,"minecraft:crafting_table":1,"minecraft:torch":1,"projectvibrantjourneys:twigs":1,"minecraft:poppy":1,"minecraft:cobblestone":6,"minecraft:iron_door":1,"minecraft:wall_torch":2,"minecraft:seagrass":2,"minecraft:birch_log":11,"minecraft:yellow_bed":2,"minecraft:grass":4,"minecraft:oak_log":76,"minecraft:coal_ore":30,"projectvibrantjourneys:short_grass":6,"minecraft:sand":1,"minecraft:gravel":7,"minecraft:dirt":17,"minecraft:polished_andesite":3,"minecraft:oak_leaves":3},"minecraft:killed_by":{"minecraft:player":1,"enemyexpansion:slugger":2,"hordes:zombie_player":3,"enemyexpansion:equestrian":1,"enemyexpansion:huntsman":1,"minecraft:zombie":7,"mythicmounts:dragon":4},"minecraft:used":{"minecraft:stone_sword":81,"minecraft:flint_and_steel":1,"minecraft:chest":1,"minecraft:shield":22,"minecraft:iron_sword":24,"minecraft:cooked_chicken":3,"minecraft:torch":13,"minecraft:dirt":22,"minecraft:carrot":2,"minecraft:diamond_helmet":1,"minecraft:golden_chestplate":3,"minecraft:iron_axe":7,"minecraft:golden_sword":25,"minecraft:furnace":3,"minecraft:egg":2,"minecraft:cooked_beef":4,"minecraft:cooked_mutton":2,"minecraft:oak_planks":4,"minecraft:stone_pickaxe":59,"minecraft:wooden_pickaxe":53,"minecraft:leather_boots":1,"minecraft:crafting_table":3,"minecraft:white_bed":1,"minecraft:spruce_log":4,"minecraft:apple":14,"minecraft:bread":14,"minecraft:stone_axe":91,"minecraft:cobblestone":22,"minecraft:cooked_porkchop":11,"minecraft:yellow_bed":2,"alexsmobs:animal_dictionary":1,"minecraft:golden_pickaxe":3,"minecraft:smooth_stone":1},"minecraft:dropped":{"minecraft:iron_ingot":17,"minecraft:bread":28,"minecraft:porkchop":2,"minecraft:wheat_seeds":2,"minecraft:cooked_beef":5,"minecraft:oak_log":63,"minecraft:cooked_porkchop":5,"minecraft:feather":3,"minecraft:cobblestone":58,"minecraft:leather":2,"minecraft:copper_ingot":2,"projectvibrantjourneys:orange_bark_mushroom":3,"minecraft:coal":27,"minecraft:flint":1,"minecraft:stick":25,"minecraft:dirt":11,"farmersdelight:golden_knife":1,"minecraft:torch":22,"minecraft:iron_door":1,"minecraft:diamond_helmet":1,"gravestone:obituary":19,"farmersdelight:onion":2,"minecraft:wooden_sword":1,"minecraft:sand":1,"minecraft:iron_pickaxe":1,"projectvibrantjourneys:bark_mushroom":2,"minecraft:gold_ingot":16,"minecraft:gravel":6,"minecraft:stone_axe":2,"minecraft:moss_carpet":2,"minecraft:iron_nugget":1,"minecraft:golden_chestplate":2,"minecraft:stone_sword":2,"alexsmobs:animal_dictionary":1,"minecraft:birch_sapling":2,"minecraft:obsidian":1,"minecraft:rotten_flesh":8,"minecraft:oak_planks":1,"minecraft:cooked_mutton":5,"pointblank:gunmetal_nugget":9,"projectvibrantjourneys:light_brown_bark_mushroom":4,"minecraft:shield":2,"minecraft:leather_boots":1,"minecraft:oak_sapling":42,"projectvibrantjourneys:cattail":2,"minecraft:wooden_pickaxe":1},"minecraft:custom":{"minecraft:mob_kills":34,"minecraft:interact_with_crafting_table":8,"minecraft:damage_dealt_resisted":354,"minecraft:leave_game":3,"minecraft:time_since_death":6873,"minecraft:climb_one_cm":8000,"minecraft:sprint_one_cm":444465,"minecraft:walk_one_cm":129343,"minecraft:damage_blocked_by_shield":3280,"minecraft:drop":96,"minecraft:talked_to_villager":4,"minecraft:play_time":122232,"minecraft:deaths":21,"minecraft:sneak_time":5876,"minecraft:walk_under_water_one_cm":6292,"minecraft:jump":1901,"minecraft:walk_on_water_one_cm":24402,"minecraft:total_world_time":122232,"minecraft:interact_with_furnace":24,"minecraft:tune_noteblock":10,"minecraft:sleep_in_bed":3,"minecraft:time_since_rest":3958,"minecraft:damage_taken":8096,"minecraft:damage_dealt":5329,"minecraft:swim_one_cm":29067,"minecraft:player_kills":1,"minecraft:fly_one_cm":450138,"minecraft:open_chest":32,"minecraft:crouch_one_cm":9089,"minecraft:fall_one_cm":60089,"minecraft:horse_one_cm":1304},"minecraft:killed":{"hordes:zombie_player":5,"enemyexpansion:equestrian":1,"enemyexpansion:direwolf":1,"minecraft:phantom":1,"enemyexpansion:faller":1,"minecraft:chicken":1,"minecraft:pig":13,"minecraft:sheep":1,"minecraft:zombie":6,"minecraft:enderman":1,"minecraft:cow":2,"enemyexpansion:slugger":1},"minecraft:crafted":{"minecraft:oak_planks":20,"minecraft:golden_chestplate":2,"minecraft:cooked_chicken":3,"minecraft:furnace":1,"minecraft:cooked_mutton":5,"minecraft:stone_pickaxe":1,"minecraft:chest":1,"minecraft:golden_sword":1,"minecraft:wheat":153,"minecraft:cooked_beef":6,"minecraft:cooked_porkchop":9,"minecraft:crafting_table":2,"minecraft:wooden_pickaxe":1,"minecraft:birch_planks":8,"minecraft:stone_axe":1,"minecraft:bread":51,"minecraft:air":0,"minecraft:charcoal":5,"minecraft:shield":1,"minecraft:stick":8,"minecraft:iron_ingot":12,"minecraft:stone_sword":1,"minecraft:gold_ingot":18,"minecraft:torch":36},"minecraft:picked_up":{"minecraft:crafting_table":2,"minecraft:wheat":1,"minecraft:chicken":6,"minecraft:iron_trapdoor":1,"minecraft:golden_pickaxe":1,"minecraft:gold_block":1,"gravestone:obituary":11,"minecraft:shield":3,"minecraft:golden_sword":2,"minecraft:string":1,"minecraft:moss_carpet":2,"minecraft:iron_axe":1,"minecraft:wooden_sword":1,"minecraft:flint_and_steel":1,"minecraft:smooth_stone":4,"minecraft:cobbled_deepslate":1,"minecraft:beef":16,"minecraft:iron_nugget":6,"minecraft:poppy":1,"minecraft:iron_pickaxe":2,"farmersdelight:golden_knife":2,"minecraft:birch_sapling":2,"minecraft:furnace":2,"minecraft:egg":2,"minecraft:iron_boots":1,"pointblank:gunmetal_ingot":2,"minecraft:stick":98,"minecraft:raw_iron":8,"minecraft:copper_ingot":2,"projectvibrantjourneys:bark_mushroom":3,"minecraft:torch":29,"minecraft:porkchop":33,"pointblank:gunmetal_nugget":54,"minecraft:carrot":5,"minecraft:golden_chestplate":3,"minecraft:stone_sword":4,"minecraft:rotten_flesh":19,"farmersdelight:onion":2,"minecraft:hay_block":17,"projectvibrantjourneys:cattail":2,"minecraft:gold_ingot":24,"minecraft:obsidian":1,"minecraft:mutton":9,"minecraft:iron_bars":1,"minecraft:white_wool":2,"minecraft:cobblestone":205,"minecraft:birch_log":6,"minecraft:feather":6,"minecraft:cooked_beef":3,"minecraft:iron_door":1,"projectvibrantjourneys:fallen_leaves":2,"minecraft:leather":8,"minecraft:potato":6,"minecraft:flint":2,"minecraft:oak_log":164,"minecraft:yellow_bed":3,"minecraft:gunpowder":10,"minecraft:lapis_lazuli":17,"minecraft:dirt":53,"minecraft:leather_boots":2,"minecraft:cooked_mutton":5,"minecraft:bone":2,"minecraft:apple":8,"minecraft:wheat_seeds":4,"minecraft:iron_ingot":6,"minecraft:stone_pickaxe":4,"minecraft:diamond_helmet":1,"minecraft:iron_sword":1,"minecraft:oak_planks":7,"projectvibrantjourneys:light_brown_bark_mushroom":4,"minecraft:cooked_porkchop":9,"minecraft:gravel":6,"minecraft:sand":1,"minecraft:white_bed":2,"minecraft:spruce_log":4,"alexsmobs:animal_dictionary":2,"minecraft:polished_andesite":6,"minecraft:stone_axe":3,"minecraft:bread":44,"projectvibrantjourneys:orange_bark_mushroom":6,"minecraft:oak_sapling":42,"minecraft:black_wool":3,"minecraft:coal":112}},"DataVersion":3465}