{"stats":{"minecraft:used":{"minecraft:stone_sword":11,"minecraft:stone_pickaxe":40,"minecraft:bread":9,"minecraft:shield":8,"minecraft:wooden_pickaxe":53,"minecraft:stone_axe":5,"minecraft:crafting_table":1,"minecraft:furnace":2,"minecraft:cooked_porkchop":2,"minecraft:white_bed":1,"alexsmobs:animal_dictionary":1,"minecraft:egg":1},"minecraft:custom":{"minecraft:time_since_rest":10327,"minecraft:interact_with_furnace":7,"minecraft:sprint_one_cm":68170,"minecraft:damage_taken":725,"minecraft:walk_one_cm":21449,"minecraft:damage_blocked_by_shield":1200,"minecraft:mob_kills":8,"minecraft:drop":6,"minecraft:damage_dealt":720,"minecraft:interact_with_crafting_table":3,"minecraft:fly_one_cm":101845,"minecraft:crouch_one_cm":1367,"minecraft:play_time":23125,"minecraft:deaths":1,"minecraft:sneak_time":668,"minecraft:jump":442,"minecraft:time_since_death":12405,"minecraft:sleep_in_bed":1,"minecraft:total_world_time":23125,"minecraft:fall_one_cm":12029},"minecraft:picked_up":{"minecraft:crafting_table":1,"minecraft:raw_iron":8,"minecraft:feather":1,"minecraft:chicken":3,"minecraft:leather":3,"minecraft:porkchop":9,"minecraft:oak_log":5,"minecraft:white_bed":1,"minecraft:beef":10,"minecraft:black_wool":1,"minecraft:mutton":5,"minecraft:coal":36,"minecraft:furnace":1,"minecraft:cobblestone":52,"minecraft:egg":1},"minecraft:killed":{"minecraft:sheep":1,"minecraft:pig":4,"minecraft:chicken":1,"minecraft:cow":2},"minecraft:dropped":{"minecraft:cooked_porkchop":4,"gravestone:obituary":1,"minecraft:wooden_pickaxe":1},"minecraft:mined":{"minecraft:white_bed":1,"minecraft:furnace":1,"minecraft:iron_ore":8,"minecraft:crafting_table":1,"gravestone:gravestone":1,"minecraft:grass":1,"minecraft:coal_ore":29,"minecraft:oak_log":4,"minecraft:stone":55,"minecraft:oak_leaves":2},"minecraft:crafted":{"minecraft:oak_planks":12,"minecraft:charcoal":1,"minecraft:cooked_porkchop":7,"minecraft:crafting_table":1,"minecraft:stick":8,"minecraft:iron_ingot":12,"minecraft:wooden_pickaxe":1,"minecraft:stone_pickaxe":1,"minecraft:stone_sword":1,"minecraft:furnace":1,"minecraft:torch":4,"minecraft:stone_axe":1,"minecraft:air":0},"minecraft:killed_by":{"mythicmounts:dragon":1}},"DataVersion":3465}